message;severity;node;stamp;location
"Oh no! I hit the wall! (Clamping from [x=11,104889, y=5,544445])";"30";"turtlesim3.sim";"1759391441.582455353";"/home/sroot/projects/ros2-workspace/src/ros_tutorials/turtlesim/src/turtle.cpp:update:288"
"Oh no! I hit the wall! (Clamping from [x=11,104889, y=5,544445])";"30";"turtlesim2.sim";"1759391441.575451321";"/home/sroot/projects/ros2-workspace/src/ros_tutorials/turtlesim/src/turtle.cpp:update:288"
"Oh no! I hit the wall! (Clamping from [x=11,104889, y=5,544445])";"30";"turtlesim1.sim";"1759391441.571276768";"/home/sroot/projects/ros2-workspace/src/ros_tutorials/turtlesim/src/turtle.cpp:update:288"
"Oh no! I hit the wall! (Clamping from [x=11,104889, y=5,544445])";"30";"turtlesim3.sim";"1759391441.566361497";"/home/sroot/projects/ros2-workspace/src/ros_tutorials/turtlesim/src/turtle.cpp:update:288"
"Oh no! I hit the wall! (Clamping from [x=11,104889, y=5,544445])";"30";"turtlesim2.sim";"1759391441.559356663";"/home/sroot/projects/ros2-workspace/src/ros_tutorials/turtlesim/src/turtle.cpp:update:288"
"Oh no! I hit the wall! (Clamping from [x=11,104889, y=5,544445])";"30";"turtlesim1.sim";"1759391441.556005956";"/home/sroot/projects/ros2-workspace/src/ros_tutorials/turtlesim/src/turtle.cpp:update:288"
"Oh no! I hit the wall! (Clamping from [x=11,104889, y=5,544445])";"30";"turtlesim3.sim";"1759391441.550222582";"/home/sroot/projects/ros2-workspace/src/ros_tutorials/turtlesim/src/turtle.cpp:update:288"
"Oh no! I hit the wall! (Clamping from [x=11,104889, y=5,544445])";"30";"turtlesim2.sim";"1759391441.543236383";"/home/sroot/projects/ros2-workspace/src/ros_tutorials/turtlesim/src/turtle.cpp:update:288"
"Oh no! I hit the wall! (Clamping from [x=11,104889, y=5,544445])";"30";"turtlesim1.sim";"1759391441.539734183";"/home/sroot/projects/ros2-workspace/src/ros_tutorials/turtlesim/src/turtle.cpp:update:288"
"Oh no! I hit the wall! (Clamping from [x=11,104889, y=5,544445])";"30";"turtlesim3.sim";"1759391441.534121568";"/home/sroot/projects/ros2-workspace/src/ros_tutorials/turtlesim/src/turtle.cpp:update:288"
"Oh no! I hit the wall! (Clamping from [x=11,104889, y=5,544445])";"30";"turtlesim2.sim";"1759391441.431502672";"/home/sroot/projects/ros2-workspace/src/ros_tutorials/turtlesim/src/turtle.cpp:update:288"
"Oh no! I hit the wall! (Clamping from [x=11,104889, y=5,544445])";"30";"turtlesim1.sim";"1759391441.427838169";"/home/sroot/projects/ros2-workspace/src/ros_tutorials/turtlesim/src/turtle.cpp:update:288"
"Oh no! I hit the wall! (Clamping from [x=11,104889, y=5,544445])";"30";"turtlesim3.sim";"1759391441.422226126";"/home/sroot/projects/ros2-workspace/src/ros_tutorials/turtlesim/src/turtle.cpp:update:288"
"Oh no! I hit the wall! (Clamping from [x=11,104889, y=5,544445])";"30";"turtlesim2.sim";"1759391441.415398697";"/home/sroot/projects/ros2-workspace/src/ros_tutorials/turtlesim/src/turtle.cpp:update:288"
"Oh no! I hit the wall! (Clamping from [x=11,104889, y=5,544445])";"30";"turtlesim1.sim";"1759391441.411562798";"/home/sroot/projects/ros2-workspace/src/ros_tutorials/turtlesim/src/turtle.cpp:update:288"
"Oh no! I hit the wall! (Clamping from [x=11,104889, y=5,544445])";"30";"turtlesim3.sim";"1759391441.406989426";"/home/sroot/projects/ros2-workspace/src/ros_tutorials/turtlesim/src/turtle.cpp:update:288"
"Oh no! I hit the wall! (Clamping from [x=11,104889, y=5,544445])";"30";"turtlesim2.sim";"1759391441.399283808";"/home/sroot/projects/ros2-workspace/src/ros_tutorials/turtlesim/src/turtle.cpp:update:288"
"Oh no! I hit the wall! (Clamping from [x=11,104889, y=5,544445])";"30";"turtlesim1.sim";"1759391441.395283109";"/home/sroot/projects/ros2-workspace/src/ros_tutorials/turtlesim/src/turtle.cpp:update:288"
"Oh no! I hit the wall! (Clamping from [x=11,104889, y=5,544445])";"30";"turtlesim3.sim";"1759391441.390770044";"/home/sroot/projects/ros2-workspace/src/ros_tutorials/turtlesim/src/turtle.cpp:update:288"
"Oh no! I hit the wall! (Clamping from [x=11,104889, y=5,544445])";"30";"turtlesim2.sim";"1759391441.384132592";"/home/sroot/projects/ros2-workspace/src/ros_tutorials/turtlesim/src/turtle.cpp:update:288"
"Oh no! I hit the wall! (Clamping from [x=11,104889, y=5,544445])";"30";"turtlesim1.sim";"1759391441.380010248";"/home/sroot/projects/ros2-workspace/src/ros_tutorials/turtlesim/src/turtle.cpp:update:288"
"Oh no! I hit the wall! (Clamping from [x=11,104889, y=5,544445])";"30";"turtlesim2.sim";"1759391441.304075830";"/home/sroot/projects/ros2-workspace/src/ros_tutorials/turtlesim/src/turtle.cpp:update:288"
"Oh no! I hit the wall! (Clamping from [x=11,104889, y=5,544445])";"30";"turtlesim1.sim";"1759391441.299634488";"/home/sroot/projects/ros2-workspace/src/ros_tutorials/turtlesim/src/turtle.cpp:update:288"
"Oh no! I hit the wall! (Clamping from [x=11,104889, y=5,544445])";"30";"turtlesim3.sim";"1759391441.294694514";"/home/sroot/projects/ros2-workspace/src/ros_tutorials/turtlesim/src/turtle.cpp:update:288"
"Oh no! I hit the wall! (Clamping from [x=11,104889, y=5,544445])";"30";"turtlesim3.sim";"1759391441.289458835";"/home/sroot/projects/ros2-workspace/src/ros_tutorials/turtlesim/src/turtle.cpp:update:288"
"Oh no! I hit the wall! (Clamping from [x=11,104889, y=5,544445])";"30";"turtlesim2.sim";"1759391441.287938168";"/home/sroot/projects/ros2-workspace/src/ros_tutorials/turtlesim/src/turtle.cpp:update:288"
"Oh no! I hit the wall! (Clamping from [x=11,104889, y=5,544445])";"30";"turtlesim1.sim";"1759391441.283373520";"/home/sroot/projects/ros2-workspace/src/ros_tutorials/turtlesim/src/turtle.cpp:update:288"
"Oh no! I hit the wall! (Clamping from [x=11,104889, y=5,544445])";"30";"turtlesim2.sim";"1759391441.271696731";"/home/sroot/projects/ros2-workspace/src/ros_tutorials/turtlesim/src/turtle.cpp:update:288"
"Oh no! I hit the wall! (Clamping from [x=11,104889, y=5,544445])";"30";"turtlesim1.sim";"1759391441.267179714";"/home/sroot/projects/ros2-workspace/src/ros_tutorials/turtlesim/src/turtle.cpp:update:288"
"Oh no! I hit the wall! (Clamping from [x=11,096445, y=5,544445])";"30";"turtlesim3.sim";"1759391441.262037533";"/home/sroot/projects/ros2-workspace/src/ros_tutorials/turtlesim/src/turtle.cpp:update:288"
"Oh no! I hit the wall! (Clamping from [x=11,104889, y=5,544445])";"30";"turtlesim2.sim";"1759391441.255459639";"/home/sroot/projects/ros2-workspace/src/ros_tutorials/turtlesim/src/turtle.cpp:update:288"
"Oh no! I hit the wall! (Clamping from [x=11,104889, y=5,544445])";"30";"turtlesim1.sim";"1759391441.238671253";"/home/sroot/projects/ros2-workspace/src/ros_tutorials/turtlesim/src/turtle.cpp:update:288"
"Oh no! I hit the wall! (Clamping from [x=11,096445, y=5,544445])";"30";"turtlesim1.sim";"1759391441.219986602";"/home/sroot/projects/ros2-workspace/src/ros_tutorials/turtlesim/src/turtle.cpp:update:288"
"Oh no! I hit the wall! (Clamping from [x=11,120889, y=5,544445])";"30";"turtlesim2.sim";"1759390401.696685352";"/home/sroot/projects/ros2-workspace/src/ros_tutorials/turtlesim/src/turtle.cpp:update:288"
"Oh no! I hit the wall! (Clamping from [x=11,120889, y=5,544445])";"30";"turtlesim2.sim";"1759390401.681594508";"/home/sroot/projects/ros2-workspace/src/ros_tutorials/turtlesim/src/turtle.cpp:update:288"
"Oh no! I hit the wall! (Clamping from [x=11,120889, y=5,544445])";"30";"turtlesim1.sim";"1759390401.673595928";"/home/sroot/projects/ros2-workspace/src/ros_tutorials/turtlesim/src/turtle.cpp:update:288"
"Oh no! I hit the wall! (Clamping from [x=11,120889, y=5,544445])";"30";"turtlesim2.sim";"1759390401.665504066";"/home/sroot/projects/ros2-workspace/src/ros_tutorials/turtlesim/src/turtle.cpp:update:288"
"Oh no! I hit the wall! (Clamping from [x=11,120889, y=5,544445])";"30";"turtlesim1.sim";"1759390401.657394037";"/home/sroot/projects/ros2-workspace/src/ros_tutorials/turtlesim/src/turtle.cpp:update:288"
"Oh no! I hit the wall! (Clamping from [x=11,120889, y=5,544445])";"30";"turtlesim2.sim";"1759390401.649411933";"/home/sroot/projects/ros2-workspace/src/ros_tutorials/turtlesim/src/turtle.cpp:update:288"
"Oh no! I hit the wall! (Clamping from [x=11,120889, y=5,544445])";"30";"turtlesim1.sim";"1759390401.642146355";"/home/sroot/projects/ros2-workspace/src/ros_tutorials/turtlesim/src/turtle.cpp:update:288"
"Oh no! I hit the wall! (Clamping from [x=11,120889, y=5,544445])";"30";"turtlesim2.sim";"1759390401.633275096";"/home/sroot/projects/ros2-workspace/src/ros_tutorials/turtlesim/src/turtle.cpp:update:288"
"Oh no! I hit the wall! (Clamping from [x=11,120889, y=5,544445])";"30";"turtlesim1.sim";"1759390401.625856095";"/home/sroot/projects/ros2-workspace/src/ros_tutorials/turtlesim/src/turtle.cpp:update:288"
"Oh no! I hit the wall! (Clamping from [x=11,120889, y=5,544445])";"30";"turtlesim2.sim";"1759390401.617147522";"/home/sroot/projects/ros2-workspace/src/ros_tutorials/turtlesim/src/turtle.cpp:update:288"
"Oh no! I hit the wall! (Clamping from [x=11,120889, y=5,544445])";"30";"turtlesim2.sim";"1759390401.505444108";"/home/sroot/projects/ros2-workspace/src/ros_tutorials/turtlesim/src/turtle.cpp:update:288"
"Oh no! I hit the wall! (Clamping from [x=11,120889, y=5,544445])";"30";"turtlesim1.sim";"1759390401.497777003";"/home/sroot/projects/ros2-workspace/src/ros_tutorials/turtlesim/src/turtle.cpp:update:288"
"Oh no! I hit the wall! (Clamping from [x=11,120889, y=5,544445])";"30";"turtlesim2.sim";"1759390401.489347152";"/home/sroot/projects/ros2-workspace/src/ros_tutorials/turtlesim/src/turtle.cpp:update:288"
"Oh no! I hit the wall! (Clamping from [x=11,120889, y=5,544445])";"30";"turtlesim1.sim";"1759390401.481529951";"/home/sroot/projects/ros2-workspace/src/ros_tutorials/turtlesim/src/turtle.cpp:update:288"
"Oh no! I hit the wall! (Clamping from [x=11,120889, y=5,544445])";"30";"turtlesim2.sim";"1759390401.473257658";"/home/sroot/projects/ros2-workspace/src/ros_tutorials/turtlesim/src/turtle.cpp:update:288"
"Oh no! I hit the wall! (Clamping from [x=11,120889, y=5,544445])";"30";"turtlesim1.sim";"1759390401.465329892";"/home/sroot/projects/ros2-workspace/src/ros_tutorials/turtlesim/src/turtle.cpp:update:288"
"Oh no! I hit the wall! (Clamping from [x=11,120889, y=5,544445])";"30";"turtlesim2.sim";"1759390401.457127457";"/home/sroot/projects/ros2-workspace/src/ros_tutorials/turtlesim/src/turtle.cpp:update:288"
"Oh no! I hit the wall! (Clamping from [x=11,120889, y=5,544445])";"30";"turtlesim1.sim";"1759390401.450089106";"/home/sroot/projects/ros2-workspace/src/ros_tutorials/turtlesim/src/turtle.cpp:update:288"
"Oh no! I hit the wall! (Clamping from [x=11,120889, y=5,544445])";"30";"turtlesim2.sim";"1759390401.441031616";"/home/sroot/projects/ros2-workspace/src/ros_tutorials/turtlesim/src/turtle.cpp:update:288"
"Oh no! I hit the wall! (Clamping from [x=11,120889, y=5,544445])";"30";"turtlesim1.sim";"1759390401.433820030";"/home/sroot/projects/ros2-workspace/src/ros_tutorials/turtlesim/src/turtle.cpp:update:288"
"Oh no! I hit the wall! (Clamping from [x=11,120889, y=5,544445])";"30";"turtlesim1.sim";"1759390401.369796934";"/home/sroot/projects/ros2-workspace/src/ros_tutorials/turtlesim/src/turtle.cpp:update:288"
"Oh no! I hit the wall! (Clamping from [x=11,120889, y=5,544445])";"30";"turtlesim2.sim";"1759390401.361452081";"/home/sroot/projects/ros2-workspace/src/ros_tutorials/turtlesim/src/turtle.cpp:update:288"
"Oh no! I hit the wall! (Clamping from [x=11,120889, y=5,544445])";"30";"turtlesim1.sim";"1759390401.353495331";"/home/sroot/projects/ros2-workspace/src/ros_tutorials/turtlesim/src/turtle.cpp:update:288"
"Oh no! I hit the wall! (Clamping from [x=11,120889, y=5,544445])";"30";"turtlesim2.sim";"1759390401.345332698";"/home/sroot/projects/ros2-workspace/src/ros_tutorials/turtlesim/src/turtle.cpp:update:288"
"Oh no! I hit the wall! (Clamping from [x=11,120889, y=5,544445])";"30";"turtlesim1.sim";"1759390401.337245613";"/home/sroot/projects/ros2-workspace/src/ros_tutorials/turtlesim/src/turtle.cpp:update:288"
"Oh no! I hit the wall! (Clamping from [x=11,120889, y=5,544445])";"30";"turtlesim2.sim";"1759390401.329240264";"/home/sroot/projects/ros2-workspace/src/ros_tutorials/turtlesim/src/turtle.cpp:update:288"
"Oh no! I hit the wall! (Clamping from [x=11,120889, y=5,544445])";"30";"turtlesim1.sim";"1759390401.321982428";"/home/sroot/projects/ros2-workspace/src/ros_tutorials/turtlesim/src/turtle.cpp:update:288"
"Oh no! I hit the wall! (Clamping from [x=11,120889, y=5,544445])";"30";"turtlesim2.sim";"1759390401.313147770";"/home/sroot/projects/ros2-workspace/src/ros_tutorials/turtlesim/src/turtle.cpp:update:288"
"Oh no! I hit the wall! (Clamping from [x=11,120889, y=5,544445])";"30";"turtlesim1.sim";"1759390401.305682411";"/home/sroot/projects/ros2-workspace/src/ros_tutorials/turtlesim/src/turtle.cpp:update:288"
"Oh no! I hit the wall! (Clamping from [x=11,120889, y=5,544445])";"30";"turtlesim2.sim";"1759390401.297049383";"/home/sroot/projects/ros2-workspace/src/ros_tutorials/turtlesim/src/turtle.cpp:update:288"
"Oh no! I hit the wall! (Clamping from [x=11,120889, y=5,544445])";"30";"turtlesim1.sim";"1759390401.289477849";"/home/sroot/projects/ros2-workspace/src/ros_tutorials/turtlesim/src/turtle.cpp:update:288"
"Oh no! I hit the wall! (Clamping from [x=11,120889, y=5,544445])";"30";"turtlesim2.sim";"1759390400.944713945";"/home/sroot/projects/ros2-workspace/src/ros_tutorials/turtlesim/src/turtle.cpp:update:288"
"Oh no! I hit the wall! (Clamping from [x=11,120889, y=5,544445])";"30";"turtlesim1.sim";"1759390400.937646005";"/home/sroot/projects/ros2-workspace/src/ros_tutorials/turtlesim/src/turtle.cpp:update:288"
"Oh no! I hit the wall! (Clamping from [x=11,120889, y=5,544445])";"30";"turtlesim2.sim";"1759390400.929625537";"/home/sroot/projects/ros2-workspace/src/ros_tutorials/turtlesim/src/turtle.cpp:update:288"
"Oh no! I hit the wall! (Clamping from [x=11,120889, y=5,544445])";"30";"turtlesim1.sim";"1759390400.809975402";"/home/sroot/projects/ros2-workspace/src/ros_tutorials/turtlesim/src/turtle.cpp:update:288"
"Oh no! I hit the wall! (Clamping from [x=11,120889, y=5,544445])";"30";"turtlesim2.sim";"1759390400.801541313";"/home/sroot/projects/ros2-workspace/src/ros_tutorials/turtlesim/src/turtle.cpp:update:288"
"Oh no! I hit the wall! (Clamping from [x=11,120889, y=5,544445])";"30";"turtlesim1.sim";"1759390400.793757873";"/home/sroot/projects/ros2-workspace/src/ros_tutorials/turtlesim/src/turtle.cpp:update:288"
"Oh no! I hit the wall! (Clamping from [x=11,120889, y=5,544445])";"30";"turtlesim2.sim";"1759390400.785374633";"/home/sroot/projects/ros2-workspace/src/ros_tutorials/turtlesim/src/turtle.cpp:update:288"
"Oh no! I hit the wall! (Clamping from [x=11,120889, y=5,544445])";"30";"turtlesim1.sim";"1759390400.777497199";"/home/sroot/projects/ros2-workspace/src/ros_tutorials/turtlesim/src/turtle.cpp:update:288"
"Oh no! I hit the wall! (Clamping from [x=11,120889, y=5,544445])";"30";"turtlesim2.sim";"1759390400.769175336";"/home/sroot/projects/ros2-workspace/src/ros_tutorials/turtlesim/src/turtle.cpp:update:288"
"Oh no! I hit the wall! (Clamping from [x=11,120889, y=5,544445])";"30";"turtlesim1.sim";"1759390400.761243674";"/home/sroot/projects/ros2-workspace/src/ros_tutorials/turtlesim/src/turtle.cpp:update:288"
"Oh no! I hit the wall! (Clamping from [x=11,120889, y=5,544445])";"30";"turtlesim2.sim";"1759390400.753010043";"/home/sroot/projects/ros2-workspace/src/ros_tutorials/turtlesim/src/turtle.cpp:update:288"
"Oh no! I hit the wall! (Clamping from [x=11,120889, y=5,544445])";"30";"turtlesim1.sim";"1759390400.746053906";"/home/sroot/projects/ros2-workspace/src/ros_tutorials/turtlesim/src/turtle.cpp:update:288"
"Oh no! I hit the wall! (Clamping from [x=11,120889, y=5,544445])";"30";"turtlesim2.sim";"1759390400.736896727";"/home/sroot/projects/ros2-workspace/src/ros_tutorials/turtlesim/src/turtle.cpp:update:288"
"Oh no! I hit the wall! (Clamping from [x=11,120889, y=5,544445])";"30";"turtlesim1.sim";"1759390400.729780286";"/home/sroot/projects/ros2-workspace/src/ros_tutorials/turtlesim/src/turtle.cpp:update:288"
"Oh no! I hit the wall! (Clamping from [x=11,120889, y=5,544445])";"30";"turtlesim2.sim";"1759390400.720759547";"/home/sroot/projects/ros2-workspace/src/ros_tutorials/turtlesim/src/turtle.cpp:update:288"
"Oh no! I hit the wall! (Clamping from [x=11,120889, y=5,544445])";"30";"turtlesim1.sim";"1759390400.713497230";"/home/sroot/projects/ros2-workspace/src/ros_tutorials/turtlesim/src/turtle.cpp:update:288"
"Oh no! I hit the wall! (Clamping from [x=11,120889, y=5,544445])";"30";"turtlesim2.sim";"1759390400.704635088";"/home/sroot/projects/ros2-workspace/src/ros_tutorials/turtlesim/src/turtle.cpp:update:288"
"Oh no! I hit the wall! (Clamping from [x=11,120889, y=5,544445])";"30";"turtlesim1.sim";"1759390400.697220437";"/home/sroot/projects/ros2-workspace/src/ros_tutorials/turtlesim/src/turtle.cpp:update:288"
"Oh no! I hit the wall! (Clamping from [x=11,120889, y=5,544445])";"30";"turtlesim2.sim";"1759390399.809409091";"/home/sroot/projects/ros2-workspace/src/ros_tutorials/turtlesim/src/turtle.cpp:update:288"
"Oh no! I hit the wall! (Clamping from [x=11,120889, y=5,544445])";"30";"turtlesim2.sim";"1759390399.744978715";"/home/sroot/projects/ros2-workspace/src/ros_tutorials/turtlesim/src/turtle.cpp:update:288"
"Oh no! I hit the wall! (Clamping from [x=11,120889, y=5,544445])";"30";"turtlesim1.sim";"1759390399.738038917";"/home/sroot/projects/ros2-workspace/src/ros_tutorials/turtlesim/src/turtle.cpp:update:288"
"Oh no! I hit the wall! (Clamping from [x=11,120889, y=5,544445])";"30";"turtlesim2.sim";"1759390399.728793481";"/home/sroot/projects/ros2-workspace/src/ros_tutorials/turtlesim/src/turtle.cpp:update:288"
"Oh no! I hit the wall! (Clamping from [x=11,120889, y=5,544445])";"30";"turtlesim1.sim";"1759390399.721749996";"/home/sroot/projects/ros2-workspace/src/ros_tutorials/turtlesim/src/turtle.cpp:update:288"
"Oh no! I hit the wall! (Clamping from [x=11,120889, y=5,544445])";"30";"turtlesim2.sim";"1759390399.712665215";"/home/sroot/projects/ros2-workspace/src/ros_tutorials/turtlesim/src/turtle.cpp:update:288"
"Oh no! I hit the wall! (Clamping from [x=11,120889, y=5,544445])";"30";"turtlesim1.sim";"1759390399.705515444";"/home/sroot/projects/ros2-workspace/src/ros_tutorials/turtlesim/src/turtle.cpp:update:288"
"Oh no! I hit the wall! (Clamping from [x=11,120889, y=5,544445])";"30";"turtlesim2.sim";"1759390399.697569852";"/home/sroot/projects/ros2-workspace/src/ros_tutorials/turtlesim/src/turtle.cpp:update:288"
"Oh no! I hit the wall! (Clamping from [x=11,120889, y=5,544445])";"30";"turtlesim1.sim";"1759390399.689242470";"/home/sroot/projects/ros2-workspace/src/ros_tutorials/turtlesim/src/turtle.cpp:update:288"
"Oh no! I hit the wall! (Clamping from [x=11,120889, y=5,544445])";"30";"turtlesim2.sim";"1759390399.681475290";"/home/sroot/projects/ros2-workspace/src/ros_tutorials/turtlesim/src/turtle.cpp:update:288"
"Oh no! I hit the wall! (Clamping from [x=11,120889, y=5,544445])";"30";"turtlesim1.sim";"1759390399.673971929";"/home/sroot/projects/ros2-workspace/src/ros_tutorials/turtlesim/src/turtle.cpp:update:288"
"Oh no! I hit the wall! (Clamping from [x=11,120889, y=5,544445])";"30";"turtlesim2.sim";"1759390399.665380095";"/home/sroot/projects/ros2-workspace/src/ros_tutorials/turtlesim/src/turtle.cpp:update:288"
"Oh no! I hit the wall! (Clamping from [x=11,120889, y=5,544445])";"30";"turtlesim1.sim";"1759390399.561156356";"/home/sroot/projects/ros2-workspace/src/ros_tutorials/turtlesim/src/turtle.cpp:update:288"
"Oh no! I hit the wall! (Clamping from [x=11,120889, y=5,544445])";"30";"turtlesim2.sim";"1759390399.553596200";"/home/sroot/projects/ros2-workspace/src/ros_tutorials/turtlesim/src/turtle.cpp:update:288"
"Oh no! I hit the wall! (Clamping from [x=11,120889, y=5,544445])";"30";"turtlesim1.sim";"1759390399.545964210";"/home/sroot/projects/ros2-workspace/src/ros_tutorials/turtlesim/src/turtle.cpp:update:288"
"Oh no! I hit the wall! (Clamping from [x=11,120889, y=5,544445])";"30";"turtlesim2.sim";"1759390399.537492988";"/home/sroot/projects/ros2-workspace/src/ros_tutorials/turtlesim/src/turtle.cpp:update:288"
"Oh no! I hit the wall! (Clamping from [x=11,120889, y=5,544445])";"30";"turtlesim1.sim";"1759390399.529677449";"/home/sroot/projects/ros2-workspace/src/ros_tutorials/turtlesim/src/turtle.cpp:update:288"
"Oh no! I hit the wall! (Clamping from [x=11,120889, y=5,544445])";"30";"turtlesim2.sim";"1759390399.521399256";"/home/sroot/projects/ros2-workspace/src/ros_tutorials/turtlesim/src/turtle.cpp:update:288"
"Oh no! I hit the wall! (Clamping from [x=11,120889, y=5,544445])";"30";"turtlesim1.sim";"1759390399.513400308";"/home/sroot/projects/ros2-workspace/src/ros_tutorials/turtlesim/src/turtle.cpp:update:288"
"Oh no! I hit the wall! (Clamping from [x=11,120889, y=5,544445])";"30";"turtlesim2.sim";"1759390399.505306794";"/home/sroot/projects/ros2-workspace/src/ros_tutorials/turtlesim/src/turtle.cpp:update:288"
"Oh no! I hit the wall! (Clamping from [x=11,120889, y=5,544445])";"30";"turtlesim1.sim";"1759390399.498122372";"/home/sroot/projects/ros2-workspace/src/ros_tutorials/turtlesim/src/turtle.cpp:update:288"
"Oh no! I hit the wall! (Clamping from [x=11,120889, y=5,544445])";"30";"turtlesim2.sim";"1759390399.489213100";"/home/sroot/projects/ros2-workspace/src/ros_tutorials/turtlesim/src/turtle.cpp:update:288"
"Oh no! I hit the wall! (Clamping from [x=11,120889, y=5,544445])";"30";"turtlesim1.sim";"1759390399.481834053";"/home/sroot/projects/ros2-workspace/src/ros_tutorials/turtlesim/src/turtle.cpp:update:288"
"Oh no! I hit the wall! (Clamping from [x=11,120889, y=5,544445])";"30";"turtlesim2.sim";"1759390399.473119604";"/home/sroot/projects/ros2-workspace/src/ros_tutorials/turtlesim/src/turtle.cpp:update:288"
"Oh no! I hit the wall! (Clamping from [x=11,120889, y=5,544445])";"30";"turtlesim2.sim";"1759390399.281412035";"/home/sroot/projects/ros2-workspace/src/ros_tutorials/turtlesim/src/turtle.cpp:update:288"
"Oh no! I hit the wall! (Clamping from [x=11,120889, y=5,544445])";"30";"turtlesim2.sim";"1759390398.465567443";"/home/sroot/projects/ros2-workspace/src/ros_tutorials/turtlesim/src/turtle.cpp:update:288"
"Oh no! I hit the wall! (Clamping from [x=11,120889, y=5,544445])";"30";"turtlesim1.sim";"1759390398.457491732";"/home/sroot/projects/ros2-workspace/src/ros_tutorials/turtlesim/src/turtle.cpp:update:288"
"Oh no! I hit the wall! (Clamping from [x=11,120889, y=5,544445])";"30";"turtlesim2.sim";"1759390398.449393797";"/home/sroot/projects/ros2-workspace/src/ros_tutorials/turtlesim/src/turtle.cpp:update:288"
"Oh no! I hit the wall! (Clamping from [x=11,120889, y=5,544445])";"30";"turtlesim1.sim";"1759390398.441297908";"/home/sroot/projects/ros2-workspace/src/ros_tutorials/turtlesim/src/turtle.cpp:update:288"
"Oh no! I hit the wall! (Clamping from [x=11,120889, y=5,544445])";"30";"turtlesim2.sim";"1759390398.433254859";"/home/sroot/projects/ros2-workspace/src/ros_tutorials/turtlesim/src/turtle.cpp:update:288"
"Oh no! I hit the wall! (Clamping from [x=11,120889, y=5,544445])";"30";"turtlesim1.sim";"1759390398.425109970";"/home/sroot/projects/ros2-workspace/src/ros_tutorials/turtlesim/src/turtle.cpp:update:288"
"Oh no! I hit the wall! (Clamping from [x=11,120889, y=5,544445])";"30";"turtlesim2.sim";"1759390398.417148230";"/home/sroot/projects/ros2-workspace/src/ros_tutorials/turtlesim/src/turtle.cpp:update:288"
"Oh no! I hit the wall! (Clamping from [x=11,120889, y=5,544445])";"30";"turtlesim1.sim";"1759390398.409899801";"/home/sroot/projects/ros2-workspace/src/ros_tutorials/turtlesim/src/turtle.cpp:update:288"
"Oh no! I hit the wall! (Clamping from [x=11,120889, y=5,544445])";"30";"turtlesim2.sim";"1759390398.401035639";"/home/sroot/projects/ros2-workspace/src/ros_tutorials/turtlesim/src/turtle.cpp:update:288"
"Oh no! I hit the wall! (Clamping from [x=11,120889, y=5,544445])";"30";"turtlesim1.sim";"1759390398.393699185";"/home/sroot/projects/ros2-workspace/src/ros_tutorials/turtlesim/src/turtle.cpp:update:288"
"Oh no! I hit the wall! (Clamping from [x=11,120889, y=5,544445])";"30";"turtlesim2.sim";"1759390398.384914280";"/home/sroot/projects/ros2-workspace/src/ros_tutorials/turtlesim/src/turtle.cpp:update:288"
"Oh no! I hit the wall! (Clamping from [x=11,120889, y=5,544445])";"30";"turtlesim1.sim";"1759390398.377516697";"/home/sroot/projects/ros2-workspace/src/ros_tutorials/turtlesim/src/turtle.cpp:update:288"
"Oh no! I hit the wall! (Clamping from [x=11,120889, y=5,544445])";"30";"turtlesim2.sim";"1759390398.368817615";"/home/sroot/projects/ros2-workspace/src/ros_tutorials/turtlesim/src/turtle.cpp:update:288"
"Oh no! I hit the wall! (Clamping from [x=11,120889, y=5,544445])";"30";"turtlesim1.sim";"1759390398.361356935";"/home/sroot/projects/ros2-workspace/src/ros_tutorials/turtlesim/src/turtle.cpp:update:288"
"Oh no! I hit the wall! (Clamping from [x=11,120889, y=5,544445])";"30";"turtlesim2.sim";"1759390398.352692186";"/home/sroot/projects/ros2-workspace/src/ros_tutorials/turtlesim/src/turtle.cpp:update:288"
"Oh no! I hit the wall! (Clamping from [x=11,120889, y=5,544445])";"30";"turtlesim1.sim";"1759390398.345215269";"/home/sroot/projects/ros2-workspace/src/ros_tutorials/turtlesim/src/turtle.cpp:update:288"
"Oh no! I hit the wall! (Clamping from [x=11,120889, y=5,544445])";"30";"turtlesim2.sim";"1759390398.337588277";"/home/sroot/projects/ros2-workspace/src/ros_tutorials/turtlesim/src/turtle.cpp:update:288"
"Oh no! I hit the wall! (Clamping from [x=11,120889, y=5,544445])";"30";"turtlesim1.sim";"1759390398.330059348";"/home/sroot/projects/ros2-workspace/src/ros_tutorials/turtlesim/src/turtle.cpp:update:288"
"Oh no! I hit the wall! (Clamping from [x=11,120889, y=5,544445])";"30";"turtlesim2.sim";"1759390398.321410840";"/home/sroot/projects/ros2-workspace/src/ros_tutorials/turtlesim/src/turtle.cpp:update:288"
"Oh no! I hit the wall! (Clamping from [x=11,120889, y=5,544445])";"30";"turtlesim1.sim";"1759390398.313874107";"/home/sroot/projects/ros2-workspace/src/ros_tutorials/turtlesim/src/turtle.cpp:update:288"
"Oh no! I hit the wall! (Clamping from [x=11,120889, y=5,544445])";"30";"turtlesim2.sim";"1759390398.288993674";"/home/sroot/projects/ros2-workspace/src/ros_tutorials/turtlesim/src/turtle.cpp:update:288"
"Oh no! I hit the wall! (Clamping from [x=11,120889, y=5,544445])";"30";"turtlesim1.sim";"1759390398.282004224";"/home/sroot/projects/ros2-workspace/src/ros_tutorials/turtlesim/src/turtle.cpp:update:288"
"Oh no! I hit the wall! (Clamping from [x=11,120889, y=5,544445])";"30";"turtlesim2.sim";"1759390398.273658821";"/home/sroot/projects/ros2-workspace/src/ros_tutorials/turtlesim/src/turtle.cpp:update:288"
"Oh no! I hit the wall! (Clamping from [x=11,120889, y=5,544445])";"30";"turtlesim1.sim";"1759390398.265770940";"/home/sroot/projects/ros2-workspace/src/ros_tutorials/turtlesim/src/turtle.cpp:update:288"
"Oh no! I hit the wall! (Clamping from [x=11,120889, y=5,544445])";"30";"turtlesim2.sim";"1759390398.257417505";"/home/sroot/projects/ros2-workspace/src/ros_tutorials/turtlesim/src/turtle.cpp:update:288"
"Oh no! I hit the wall! (Clamping from [x=11,120889, y=5,544445])";"30";"turtlesim1.sim";"1759390398.249574852";"/home/sroot/projects/ros2-workspace/src/ros_tutorials/turtlesim/src/turtle.cpp:update:288"
"Oh no! I hit the wall! (Clamping from [x=11,120889, y=5,544445])";"30";"turtlesim2.sim";"1759390398.241182943";"/home/sroot/projects/ros2-workspace/src/ros_tutorials/turtlesim/src/turtle.cpp:update:288"
"Oh no! I hit the wall! (Clamping from [x=11,120889, y=5,544445])";"30";"turtlesim1.sim";"1759390398.233421129";"/home/sroot/projects/ros2-workspace/src/ros_tutorials/turtlesim/src/turtle.cpp:update:288"
"Oh no! I hit the wall! (Clamping from [x=11,120889, y=5,544445])";"30";"turtlesim2.sim";"1759390398.224946807";"/home/sroot/projects/ros2-workspace/src/ros_tutorials/turtlesim/src/turtle.cpp:update:288"
"Oh no! I hit the wall! (Clamping from [x=11,120889, y=5,544445])";"30";"turtlesim1.sim";"1759390398.217212271";"/home/sroot/projects/ros2-workspace/src/ros_tutorials/turtlesim/src/turtle.cpp:update:288"
"Oh no! I hit the wall! (Clamping from [x=11,120889, y=5,544445])";"30";"turtlesim2.sim";"1759390398.209700324";"/home/sroot/projects/ros2-workspace/src/ros_tutorials/turtlesim/src/turtle.cpp:update:288"
"Oh no! I hit the wall! (Clamping from [x=11,120889, y=5,544445])";"30";"turtlesim1.sim";"1759390398.201978440";"/home/sroot/projects/ros2-workspace/src/ros_tutorials/turtlesim/src/turtle.cpp:update:288"
"Oh no! I hit the wall! (Clamping from [x=11,120889, y=5,544445])";"30";"turtlesim2.sim";"1759390398.193446573";"/home/sroot/projects/ros2-workspace/src/ros_tutorials/turtlesim/src/turtle.cpp:update:288"
"Oh no! I hit the wall! (Clamping from [x=11,120889, y=5,544445])";"30";"turtlesim1.sim";"1759390398.185734199";"/home/sroot/projects/ros2-workspace/src/ros_tutorials/turtlesim/src/turtle.cpp:update:288"
"Oh no! I hit the wall! (Clamping from [x=11,120889, y=5,544445])";"30";"turtlesim2.sim";"1759390398.177163411";"/home/sroot/projects/ros2-workspace/src/ros_tutorials/turtlesim/src/turtle.cpp:update:288"
"Oh no! I hit the wall! (Clamping from [x=11,120889, y=5,544445])";"30";"turtlesim1.sim";"1759390398.169458792";"/home/sroot/projects/ros2-workspace/src/ros_tutorials/turtlesim/src/turtle.cpp:update:288"
"Oh no! I hit the wall! (Clamping from [x=11,120889, y=5,544445])";"30";"turtlesim2.sim";"1759390398.168946018";"/home/sroot/projects/ros2-workspace/src/ros_tutorials/turtlesim/src/turtle.cpp:update:288"
"Oh no! I hit the wall! (Clamping from [x=11,120889, y=5,544445])";"30";"turtlesim1.sim";"1759390398.166082688";"/home/sroot/projects/ros2-workspace/src/ros_tutorials/turtlesim/src/turtle.cpp:update:288"
"Oh no! I hit the wall! (Clamping from [x=11,112445, y=5,544445])";"30";"turtlesim2.sim";"1759390398.145533293";"/home/sroot/projects/ros2-workspace/src/ros_tutorials/turtlesim/src/turtle.cpp:update:288"
"Oh no! I hit the wall! (Clamping from [x=11,112445, y=5,544445])";"30";"turtlesim1.sim";"1759390398.137179060";"/home/sroot/projects/ros2-workspace/src/ros_tutorials/turtlesim/src/turtle.cpp:update:288"
